rank	ligand	target	score_kcal_mol	cluster	cluster_rep	murcko_scaffold	nn_tanimoto
1	CHEMBL94259	B7P5E9	-14.0	0	Yes	CC1CCC(C(C)CCCCC2CCC(C3CCCCC3)CC2)C(C2CCCCC2)C1	1.0
2	CHEMBL91403	B7P5E9	-13.9	0	No	CC1CCC(C(C)CCCCC2CCC(C3CCCCC3)CC2)C(C2CCCCC2)C1	0.772
3	CHEMBL90184	B7P5E9	-13.3	0	No	CC1CCC(C(C)CCCCC2CCC(C3CCCCC3)CC2)C(C2CCCCC2)C1	0.792
4	CHEMBL9405	B7P5E9	-13.2	1	Yes	CC(CCC1CC2CCCCC2C(C)C1C1CCCCC1)CC1CCCCC1	0.809
5	CHEMBL328658	B7P5E9	-13.1	0	No	CC1CCC(C(C)CCCCC2CCC(C3CCCCC3)CC2)C(C2CCCCC2)C1	0.747
6	CHEMBL9718	B7PY20	-13.1	20	Yes	C1CCC(CC2CCC3C(CCC4CCCC5C(CC6CCCCC6)CCC45)CCCC23)CC1	0.182
7	CHEMBL275307	B7P5E9	-13.0	1	No	CC(CCC1CC2CCCCC2C(C)C1C1CCCCC1)CC1CCCCC1	0.809
8	CHEMBL90128	B7P5E9	-13.0	19	Yes	CC(CCC(C)CC1CCCC1C1CCC(C)CC1C)CCC1C2CCCCC2C2CCCCC21	0.206
9	CHEMBL93843	B7P5E9	-13.0	0	No	CC1CCC(C(C)CCCCC2CCC(C3CCCCC3)CC2)C(C2CCCCC2)C1	0.795
10	CHEMBL419497	B7P5E9	-12.9	0	No	CC1CCC(C(C)CCCCC2CCC(C3CCCCC3)CC2)C(C2CCCCC2)C1	1.0
11	CHEMBL421356	B7P5E9	-12.9	6	Yes	CC(C)(CCC(CCC1CCC2(CC1)CC(C)(C)C1CCCCC12)C1CCCCC1)C1CCCCC1	0.767
12	CHEMBL6293	B7P5E9	-12.9	18	Yes	CC1CCC(C2CCC(C3CCC4CC5CCCCC5C(C)C4C3)CC2)C(C)C1	0.171
13	CHEMBL8922	B7P5E9	-12.9	1	No	CC(CCC1CC2CCCCC2C(C)C1C1CCCCC1)CC1CCCCC1	0.869
14	CHEMBL327329	Q6XR73	-12.9	4	Yes	CC(CCC1CCC(CCC(C)C2CCCCC2C2CCCCC2)CC1)C1CCCCC1C1CCCCC1	0.764
15	CHEMBL91649	Q6XR73	-12.9	17	Yes	CC(C)(CCCC1CCC2CCCCC21)C1CCC(C2CCC(C3CCCCC3)CC2)CC1	0.296
16	CHEMBL276627	B7P5E9	-12.8	1	No	CC(CCC1CC2CCCCC2C(C)C1C1CCCCC1)CC1CCCCC1	0.825
17	CHEMBL90086	B7P5E9	-12.8	0	No	CC1CCC(C(C)CCCCC2CCC(C3CCCCC3)CC2)C(C2CCCCC2)C1	0.744
18	CHEMBL91616	B7P5E9	-12.8	0	No	CC1CCC(C(C)CCCCC2CCC(C3CCCCC3)CC2)C(C2CCCCC2)C1	1.0
19	CHEMBL93644	B7P5E9	-12.8	2	Yes	CC(CC1CCCCC1)C1CC(CC2CCC(C3CCCCC3)CC2)C(C2CCCCC2)C1	0.569
20	CHEMBL316358	B7P5E9	-12.7	0	No	CC1CCC(C(C)CCCCC2CCC(C3CCCCC3)CC2)C(C2CCCCC2)C1	0.8
21	CHEMBL328898	B7P5E9	-12.7	8	Yes	CC(C)(CCC(CCC1CCC2(CC1)CC(C)(C)C1CCCCC12)C1CCC2CCCC2C1)C1CCCCC1	0.767
22	CHEMBL91053	B7P5E9	-12.7	16	Yes	CC(CCCC1CCC2CCCCC2C1)C1CC2CCCCC2CC1C(C)(C)C1CCCCC1	0.387
23	CHEMBL96217	B7P5E9	-12.7	2	No	C1CCC(CC2CC(CC3CCC(C4CCCCC4)CC3)C(C3CCCCC3)C2)CC1	0.528
24	CHEMBL329131	B7PY20	-12.7	2	No	CC(C)(C1CCCCC1)C1CC(CC2CCC(C3CCCCC3)CC2)C(C2CCCCC2)C1	0.604
25	CHEMBL90647	B7PY20	-12.7	5	Yes	CC(CCCCC1CCC2CC3CCCC3CC2C1)C1CCC(C(C2CCCCC2)C2CCCCC2)CC1	0.623
26	CHEMBL330528	B7P5E9	-12.6	2	No	CC(C)(C1CCCCC1)C1CC(CC2CCC3(CC2)CCC2CCCCC23)C(C2CCCCC2)C1	0.583
27	CHEMBL88605	B7P5E9	-12.6	7	Yes	CC1CCC2C(C1)CC1C3CC4CCC(CC(C)C5CCC(C6CCCCC6)CC5)CC4CC3CC1C2C	0.566
28	CHEMBL88771	B7P5E9	-12.6	3	Yes	CC1CC2CC(C3CCCCC3)CCC2C1CC1CC2CCCCC2C1	0.788
29	CHEMBL89251	B7P5E9	-12.6	6	No	CC(C)(CCC(CCC1CCC2(CC1)CCC1CCCCC12)C1CCCCC1)C1CCCCC1	0.494
30	CHEMBL89887	B7P5E9	-12.6	7	No	CC1CCC2C(C1)CC1C3CC4CC5CCCCC5CC4CC3CC1C2C	0.566
31	CHEMBL89936	B7P5E9	-12.6	15	Yes	CC(CC1CC2CCCC2C1)C1CC(C(C)(C)C2CCCCC2)CCC1CCCC1CCCCC1	0.223
32	CHEMBL91088	B7P5E9	-12.6	5	No	CC(CCCCC1CCC2CC3CCCC3CC2C1)C1CCC(C2CCCCC2)CC1	0.781
33	CHEMBL91091	B7P5E9	-12.6	0	No	CC1CCC(C(C)CCCCC2CCC(C3CCCCC3)CC2)C(C2CCCCC2)C1	0.74
34	CHEMBL93887	B7P5E9	-12.6	2	No	C1CCC(C2CCC(CC3CC(C4CCCCC4)CC3C3CCCCC3)CC2)CC1	0.604
35	CHEMBL89845	B7PY20	-12.6	14	Yes	CC(CCC(C)C1CCCC1C(C)CCC1CCCCC1)CC1CCC2CCC(C)CC2C1	0.298
36	CHEMBL94259	B7PY20	-12.6	0	Yes	CC1CCC(C(C)CCCCC2CCC(C3CCCCC3)CC2)C(C2CCCCC2)C1	1.0
37	CHEMBL268680	B7P5E9	-12.5	13	Yes	CC(CCC1CCC(C2CCCCC2C2CCCC2)CC1)CC1CCC2CCCCC21	0.208
38	CHEMBL314949	B7P5E9	-12.5	5	No	CC(CCCCC1CCC2CC3CCCC3CC2C1)C1CCC(CC2CCCCC2)CC1	0.781
39	CHEMBL330687	B7P5E9	-12.5	12	Yes	CC(CCCC1CCC(C2CCCCC2)CC1)C1CCCC1C(C)(C)C1CCCCC1	0.387
40	CHEMBL90652	B7P5E9	-12.5	0	No	CC1CCC(C(C)CCCCC2CCC(C3CCCCC3)CC2)C(C2CCCCC2)C1	0.747
41	CHEMBL91489	B7P5E9	-12.5	11	Yes	CC(CCC1CCCCC1)CC1CCC(CC(C)CC2CCCCC2)C(C(C)C2CCCCC2)C1	0.204
42	CHEMBL9203	B7P5E9	-12.5	1	No	CC(CCC1CC2CCCCC2C(C)C1C1CCCCC1)CC1CCCCC1	0.776
43	CHEMBL9311	B7P5E9	-12.5	1	No	CC(CCC1CC2CCCCC2C(C)C1C1CCCCC1)CC1CCCCC1	0.869
44	CHEMBL94109	B7P5E9	-12.5	10	Yes	CC(CC1CCC2CCCC(CC3CCCCC3)C2C1)CCCC1CCC(C2CCCCC2)CC1	0.216
45	CHEMBL6323	B7PY20	-12.5	9	Yes	CC(C1CCC(C2CCC3CCCCC3C2)CC1)C1CCC2CCCCC2C1	0.264
46	CHEMBL91574	B7PY20	-12.5	4	No	CC(CCC1CCC(CCC(C)C2CCCCC2C2CCCCC2)CC1)C1CCCCC1	1.0
47	CHEMBL91574	Q6XR73	-12.5	4	No	CC(CCC1CCC(CCC(C)C2CCCCC2C2CCCCC2)CC1)C1CCCCC1	1.0
48	CHEMBL313746	B7P5E9	-12.4	3	No	CC1CC2CC(C3CCCCC3)CCC2C1CC1CC2CCCCC2C1	0.571
49	CHEMBL313821	B7P5E9	-12.4	3	No	CC1CC2CC(C3CCCCC3)CCC2C1CC1CC2CCCCC2C1	0.788
