accession	species	name	gene	apis_mellifera_identity	apis_mellifera_ortholog_absent	bombus_terrestris_identity	bombus_terrestris_ortholog_absent	varroa_destructor_identity	varroa_destructor_ortholog_absent	metaseiulus_occidentalis_identity	metaseiulus_occidentalis_ortholog_absent	tetranychus_urticae_identity	tetranychus_urticae_ortholog_absent	daphnia_magna_identity	daphnia_magna_ortholog_absent	folsomia_candida_identity	folsomia_candida_ortholog_absent	drosophila_melanogaster_identity	drosophila_melanogaster_ortholog_absent	limulus_polyphemus_identity	limulus_polyphemus_ortholog_absent	homo_sapiens_identity	homo_sapiens_ortholog_absent	canis_lupus_familiaris_identity	canis_lupus_familiaris_ortholog_absent	felis_catus_identity	felis_catus_ortholog_absent	mus_musculus_identity	mus_musculus_ortholog_absent	min_divergence	min_divergence_species	verdict	arthropod_verdict	arthropod_min_divergence	arthropod_worst_species	mammal_verdict	mammal_min_divergence	mammal_worst_species	scope
F6KSY2	ixodes_scapularis	F6KSY2		0.0	True	0.0	True	0.2804	False	0.2995	False	0.0	True	0.0	True	0.0	True	0.0	True	0.0	True	0.0	True	0.0	True	0.0	True	0.0	True	0.7005	metaseiulus_occidentalis	SELECTIVE	SELECTIVE	0.7005	metaseiulus_occidentalis	SELECTIVE	1.0	homo_sapiens	BOTH
B7P6A8	ixodes_scapularis			0.3039	False	0.3161	False	0.3071	False	0.3262	False	0.3136	False	0.3368	False	0.3226	False	0.3133	False	0.3321	False	0.3377	False	0.3444	False	0.3311	False	0.3444	False	0.6556	canis_lupus_familiaris	SELECTIVE	SELECTIVE	0.6632	daphnia_magna	SELECTIVE	0.6556	canis_lupus_familiaris	BOTH
B7PKZ2	ixodes_scapularis	B7PKZ2		0.0	True	0.0	True	0.3505	False	0.3359	False	0.0	True	0.0	True	0.0	True	0.0	True	0.2976	False	0.0	True	0.0	True	0.0	True	0.0	True	0.6495	varroa_destructor	SELECTIVE	SELECTIVE	0.6495	varroa_destructor	SELECTIVE	1.0	homo_sapiens	BOTH
B2ZHX0	dermacentor_variabilis			0.2935	False	0.3036	False	0.361	False	0.3525	False	0.3485	False	0.3463	False	0.3143	False	0.2556	False	0.355	False	0.2841	False	0.2557	False	0.2614	False	0.2852	False	0.639	varroa_destructor	SELECTIVE	SELECTIVE	0.639	varroa_destructor	SELECTIVE	0.7148	mus_musculus	BOTH
Q2HZ27	dermacentor_variabilis			0.0	True	0.2674	False	0.3454	False	0.2798	False	0.2887	False	0.2782	False	0.2486	False	0.0	True	0.3627	False	0.0	True	0.0	True	0.0	True	0.0	True	0.6373	limulus_polyphemus	SELECTIVE	SELECTIVE	0.6373	limulus_polyphemus	SELECTIVE	1.0	homo_sapiens	BOTH
B7SP34	dermacentor_variabilis			0.3218	False	0.3275	False	0.3823	False	0.3885	False	0.3774	False	0.3487	False	0.3774	False	0.3376	False	0.3885	False	0.344	False	0.3654	False	0.3526	False	0.3416	False	0.6115	metaseiulus_occidentalis	SELECTIVE	SELECTIVE	0.6115	metaseiulus_occidentalis	SELECTIVE	0.6346	canis_lupus_familiaris	BOTH
B7SP56	dermacentor_variabilis			0.3125	False	0.299	False	0.2797	False	0.2812	False	0.3238	False	0.3934	False	0.3433	False	0.2975	False	0.3419	False	0.0	True	0.0	True	0.0	True	0.25	False	0.6066	daphnia_magna	SELECTIVE	SELECTIVE	0.6066	daphnia_magna	SELECTIVE	0.75	mus_musculus	BOTH
B7SP64	dermacentor_variabilis			0.3125	False	0.299	False	0.2797	False	0.2812	False	0.3238	False	0.3934	False	0.3433	False	0.2975	False	0.3419	False	0.0	True	0.0	True	0.0	True	0.0	True	0.6066	daphnia_magna	SELECTIVE	SELECTIVE	0.6066	daphnia_magna	SELECTIVE	1.0	homo_sapiens	BOTH
Q2Q443	dermacentor_variabilis			0.3535	False	0.3056	False	0.322	False	0.3333	False	0.3314	False	0.3119	False	0.2843	False	0.3379	False	0.4242	False	0.2991	False	0.3155	False	0.3136	False	0.293	False	0.5758	limulus_polyphemus	MARGINAL	MARGINAL	0.5758	limulus_polyphemus	SELECTIVE	0.6845	canis_lupus_familiaris	RESIDENTIAL_ONLY
B7SP48	dermacentor_variabilis			0.4048	False	0.3904	False	0.3836	False	0.377	False	0.3894	False	0.3784	False	0.3664	False	0.4016	False	0.4254	False	0.3258	False	0.3275	False	0.406	False	0.4016	False	0.5746	limulus_polyphemus	MARGINAL	MARGINAL	0.5746	limulus_polyphemus	MARGINAL	0.594	felis_catus	NEITHER
B7SP57	dermacentor_variabilis			0.45	False	0.3779	False	0.3738	False	0.3598	False	0.4345	False	0.3925	False	0.3554	False	0.4088	False	0.4312	False	0.3198	False	0.3468	False	0.3932	False	0.3081	False	0.55	apis_mellifera	MARGINAL	MARGINAL	0.55	apis_mellifera	SELECTIVE	0.6068	felis_catus	RESIDENTIAL_ONLY
B7QAF3	ixodes_scapularis			0.4066	False	0.4066	False	0.4167	False	0.4565	False	0.3636	False	0.3736	False	0.3333	False	0.3218	False	0.3889	False	0.3846	False	0.3736	False	0.3736	False	0.3846	False	0.5435	metaseiulus_occidentalis	MARGINAL	MARGINAL	0.5435	metaseiulus_occidentalis	SELECTIVE	0.6154	homo_sapiens	RESIDENTIAL_ONLY
B7SP41	dermacentor_variabilis			0.0	True	0.0	True	0.0	True	0.4495	False	0.3636	False	0.4586	False	0.392	False	0.0	True	0.4523	False	0.3834	False	0.3523	False	0.3876	False	0.399	False	0.5414	daphnia_magna	MARGINAL	MARGINAL	0.5414	daphnia_magna	SELECTIVE	0.601	mus_musculus	RESIDENTIAL_ONLY
A0AAQ4DX98	amblyomma_americanum	Peptidylglycine alpha-amidating monooxygenase		0.3463	False	0.3979	False	0.3668	False	0.3556	False	0.4693	False	0.43	False	0.4331	False	0.4431	False	0.4238	False	0.4174	False	0.3952	False	0.4286	False	0.3898	False	0.5307	tetranychus_urticae	MARGINAL	MARGINAL	0.5307	tetranychus_urticae	MARGINAL	0.5714	felis_catus	NEITHER
A0AAQ4FA75	amblyomma_americanum	Acylglycerol kinase, mitochondrial		0.3474	False	0.3432	False	0.47	False	0.3287	False	0.3333	False	0.4428	False	0.3929	False	0.3293	False	0.4122	False	0.3913	False	0.3607	False	0.4688	False	0.3992	False	0.53	varroa_destructor	MARGINAL	MARGINAL	0.53	varroa_destructor	MARGINAL	0.5312	felis_catus	NEITHER
B7P5E9	ixodes_scapularis			0.4563	False	0.4643	False	0.4118	False	0.4014	False	0.3864	False	0.4656	False	0.4728	False	0.4286	False	0.4316	False	0.4179	False	0.4232	False	0.4286	False	0.4043	False	0.5272	folsomia_candida	MARGINAL	MARGINAL	0.5272	folsomia_candida	MARGINAL	0.5714	felis_catus	NEITHER
A0AAQ4FI23	amblyomma_americanum	Flavin-containing monooxygenase		0.3641	False	0.3594	False	0.428	False	0.416	False	0.3825	False	0.3074	False	0.2762	False	0.3868	False	0.4739	False	0.3857	False	0.3832	False	0.3913	False	0.382	False	0.5261	limulus_polyphemus	MARGINAL	MARGINAL	0.5261	limulus_polyphemus	SELECTIVE	0.6087	felis_catus	RESIDENTIAL_ONLY
A0AAQ4FJ88	amblyomma_americanum	Flavin-containing monooxygenase		0.3318	False	0.3364	False	0.3996	False	0.3908	False	0.3855	False	0.3208	False	0.3465	False	0.3585	False	0.4831	False	0.3835	False	0.3908	False	0.3892	False	0.3925	False	0.5169	limulus_polyphemus	MARGINAL	MARGINAL	0.5169	limulus_polyphemus	SELECTIVE	0.6075	mus_musculus	RESIDENTIAL_ONLY
Q8T9S4	dermacentor_variabilis	Tetraspanin		0.359	False	0.366	False	0.3684	False	0.3843	False	0.3333	False	0.3661	False	0.3447	False	0.3766	False	0.4851	False	0.3484	False	0.3631	False	0.3347	False	0.332	False	0.5149	limulus_polyphemus	MARGINAL	MARGINAL	0.5149	limulus_polyphemus	SELECTIVE	0.6369	canis_lupus_familiaris	RESIDENTIAL_ONLY
A0AAQ4DMB8	amblyomma_americanum	Ketimine reductase mu-crystallin		0.0	True	0.0	True	0.0	True	0.0	True	0.0	True	0.4729	False	0.0	True	0.3167	False	0.4854	False	0.4756	False	0.4665	False	0.4739	False	0.4787	False	0.5146	limulus_polyphemus	MARGINAL	MARGINAL	0.5146	limulus_polyphemus	MARGINAL	0.5213	mus_musculus	NEITHER
A0AAQ4E7F9	amblyomma_americanum	Peptidase M20 dimerisation domain-containing protein		0.2377	False	0.2415	False	0.4156	False	0.404	False	0.4215	False	0.3873	False	0.3554	False	0.2757	False	0.4909	False	0.3956	False	0.4218	False	0.4189	False	0.4069	False	0.5091	limulus_polyphemus	MARGINAL	MARGINAL	0.5091	limulus_polyphemus	MARGINAL	0.5782	canis_lupus_familiaris	NEITHER
A0AAQ4E5F2	amblyomma_americanum	NAD(P)H oxidase (H2O2-forming)		0.4049	False	0.4069	False	0.4055	False	0.4079	False	0.489	False	0.4042	False	0.4934	False	0.4093	False	0.4324	False	0.4505	False	0.4736	False	0.4671	False	0.4521	False	0.5066	folsomia_candida	MARGINAL	MARGINAL	0.5066	folsomia_candida	MARGINAL	0.5264	canis_lupus_familiaris	NEITHER
A0AAQ4E0I8	amblyomma_americanum	Histone deacetylase		0.3936	False	0.4306	False	0.3915	False	0.3984	False	0.4034	False	0.4946	False	0.4569	False	0.3887	False	0.4426	False	0.4601	False	0.4635	False	0.4635	False	0.4546	False	0.5054	daphnia_magna	MARGINAL	MARGINAL	0.5054	daphnia_magna	MARGINAL	0.5365	canis_lupus_familiaris	NEITHER
A0AAQ4DEL6	amblyomma_americanum	non-specific serine/threonine protein kinase		0.3346	False	0.337	False	0.3434	False	0.3333	False	0.459	False	0.4823	False	0.3395	False	0.4437	False	0.4905	False	0.425	False	0.4339	False	0.498	False	0.4171	False	0.502	felis_catus	MARGINAL	MARGINAL	0.5095	limulus_polyphemus	MARGINAL	0.502	felis_catus	NEITHER
A0AAQ4FH64	amblyomma_americanum	Flavin-containing monooxygenase		0.3578	False	0.3578	False	0.4315	False	0.4079	False	0.3686	False	0.3348	False	0.2981	False	0.279	False	0.5	False	0.3835	False	0.3944	False	0.3922	False	0.3883	False	0.5	limulus_polyphemus	MARGINAL	MARGINAL	0.5	limulus_polyphemus	SELECTIVE	0.6056	canis_lupus_familiaris	RESIDENTIAL_ONLY
Q6XR73	dermacentor_variabilis	Carboxylic ester hydrolase		0.464	False	0.4797	False	0.4861	False	0.4814	False	0.4332	False	0.4359	False	0.4584	False	0.3196	False	0.5114	False	0.4491	False	0.4424	False	0.444	False	0.4381	False	0.4886	limulus_polyphemus	MARGINAL	MARGINAL	0.4886	limulus_polyphemus	MARGINAL	0.5509	homo_sapiens	NEITHER
A0A4D5RMV5	ixodes_scapularis			0.4556	False	0.4667	False	0.4391	False	0.4529	False	0.3658	False	0.4486	False	0.412	False	0.4504	False	0.5119	False	0.4414	False	0.4222	False	0.4587	False	0.4259	False	0.4881	limulus_polyphemus	MARGINAL	MARGINAL	0.4881	limulus_polyphemus	MARGINAL	0.5413	felis_catus	NEITHER
A0AAQ4D9T1	amblyomma_americanum	Hormone-sensitive lipase		0.3246	False	0.3306	False	0.3531	False	0.3437	False	0.3485	False	0.5185	False	0.3933	False	0.4381	False	0.3805	False	0.3434	False	0.3294	False	0.3399	False	0.3293	False	0.4815	daphnia_magna	MARGINAL	MARGINAL	0.4815	daphnia_magna	SELECTIVE	0.6566	homo_sapiens	RESIDENTIAL_ONLY
B7PBI5	ixodes_scapularis	B7PBI5		0.4482	False	0.4367	False	0.4811	False	0.4641	False	0.4437	False	0.4712	False	0.449	False	0.4371	False	0.5181	False	0.5201	False	0.5133	False	0.5203	False	0.5066	False	0.4797	felis_catus	MARGINAL	MARGINAL	0.4819	limulus_polyphemus	MARGINAL	0.4797	felis_catus	NEITHER
A0AAQ4DJ97	amblyomma_americanum	Flavin-containing monooxygenase		0.3094	False	0.3448	False	0.5019	False	0.4802	False	0.506	False	0.3592	False	0.3077	False	0.3578	False	0.521	False	0.4524	False	0.4544	False	0.4603	False	0.4756	False	0.479	limulus_polyphemus	MARGINAL	MARGINAL	0.479	limulus_polyphemus	MARGINAL	0.5244	mus_musculus	NEITHER
A0A0C9SDB6	amblyomma_americanum			0.4222	False	0.5	False	0.4204	False	0.4557	False	0.3393	False	0.406	False	0.4105	False	0.5217	False	0.5174	False	0.4156	False	0.4192	False	0.4167	False	0.4248	False	0.4783	drosophila_melanogaster	MARGINAL	MARGINAL	0.4783	drosophila_melanogaster	MARGINAL	0.5752	mus_musculus	NEITHER
Q06EX9	dermacentor_variabilis			0.3045	False	0.3	False	0.35	False	0.3657	False	0.4652	False	0.4642	False	0.3412	False	0.2982	False	0.5253	False	0.422	False	0.4148	False	0.4229	False	0.4229	False	0.4747	limulus_polyphemus	MARGINAL	MARGINAL	0.4747	limulus_polyphemus	MARGINAL	0.5771	felis_catus	NEITHER
A0A4D5RGQ5	ixodes_scapularis	Metallophosphoesterase 1 homolog		0.457	False	0.4624	False	0.4693	False	0.4751	False	0.3722	False	0.4589	False	0.4424	False	0.4507	False	0.5445	False	0.4638	False	0.4501	False	0.495	False	0.4463	False	0.4555	limulus_polyphemus	MARGINAL	MARGINAL	0.4555	limulus_polyphemus	MARGINAL	0.505	felis_catus	NEITHER
A0AAQ4D4Y2	amblyomma_americanum	Flavin-containing monooxygenase		0.2826	False	0.3033	False	0.5467	False	0.5433	False	0.4866	False	0.0	True	0.2696	False	0.3077	False	0.5101	False	0.4588	False	0.495	False	0.4867	False	0.4647	False	0.4533	varroa_destructor	MARGINAL	MARGINAL	0.4533	varroa_destructor	MARGINAL	0.505	canis_lupus_familiaris	NEITHER
Q86G71	dermacentor_variabilis			0.4706	False	0.4036	False	0.4383	False	0.4214	False	0.4485	False	0.463	False	0.3851	False	0.4654	False	0.5545	False	0.3333	False	0.345	False	0.4	False	0.3216	False	0.4455	limulus_polyphemus	MARGINAL	MARGINAL	0.4455	limulus_polyphemus	MARGINAL	0.6	felis_catus	NEITHER
A0AAQ4DPM5	amblyomma_americanum	Histone deacetylase 8		0.4415	False	0.4415	False	0.4474	False	0.4549	False	0.4453	False	0.5556	False	0.5099	False	0.4377	False	0.5099	False	0.5094	False	0.5154	False	0.5154	False	0.5056	False	0.4444	daphnia_magna	MARGINAL	MARGINAL	0.4444	daphnia_magna	MARGINAL	0.4846	canis_lupus_familiaris	NEITHER
C6G1Y6	dermacentor_variabilis	Aminopeptidase N		0.436	False	0.4502	False	0.3061	False	0.2857	False	0.4512	False	0.557	False	0.3541	False	0.4286	False	0.5526	False	0.362	False	0.3794	False	0.3649	False	0.3667	False	0.443	daphnia_magna	MARGINAL	MARGINAL	0.443	daphnia_magna	SELECTIVE	0.6206	canis_lupus_familiaris	RESIDENTIAL_ONLY
A0AAQ4DAP1	amblyomma_americanum	Alpha-1,6-mannosyl-glycoprotein 2-beta-N-acetylglucosaminyltransferase		0.5537	False	0.5593	False	0.4392	False	0.451	False	0.3782	False	0.421	False	0.3708	False	0.4954	False	0.4411	False	0.4048	False	0.4037	False	0.409	False	0.3842	False	0.4407	bombus_terrestris	MARGINAL	MARGINAL	0.4407	bombus_terrestris	MARGINAL	0.591	felis_catus	NEITHER
A0A0C9SEC4	amblyomma_americanum	Serine/threonine-protein phosphatase PGAM5, mitochondrial		0.4667	False	0.4615	False	0.5161	False	0.5045	False	0.4974	False	0.5754	False	0.478	False	0.4425	False	0.5211	False	0.5	False	0.5112	False	0.5281	False	0.5027	False	0.4246	daphnia_magna	MARGINAL	MARGINAL	0.4246	daphnia_magna	MARGINAL	0.4719	felis_catus	NEITHER
B7PY76	ixodes_scapularis	B7PY76		0.4881	False	0.5047	False	0.4792	False	0.5023	False	0.4031	False	0.5062	False	0.4091	False	0.4822	False	0.5792	False	0.4714	False	0.4762	False	0.4813	False	0.4691	False	0.4208	limulus_polyphemus	MARGINAL	MARGINAL	0.4208	limulus_polyphemus	MARGINAL	0.5187	felis_catus	NEITHER
A0AAQ4DBL8	amblyomma_americanum	RB1-inducible coiled-coil protein 1		0.4546	False	0.4649	False	0.4775	False	0.3849	False	0.4608	False	0.4551	False	0.339	False	0.4471	False	0.5854	False	0.5248	False	0.5408	False	0.5248	False	0.4729	False	0.4146	limulus_polyphemus	MARGINAL	MARGINAL	0.4146	limulus_polyphemus	MARGINAL	0.4592	canis_lupus_familiaris	NEITHER
A0AAQ4F1X8	amblyomma_americanum	Flavin-containing monooxygenase		0.3504	False	0.3591	False	0.4791	False	0.4478	False	0.5084	False	0.3211	False	0.3122	False	0.3194	False	0.5905	False	0.4607	False	0.4644	False	0.4513	False	0.461	False	0.4095	limulus_polyphemus	MARGINAL	MARGINAL	0.4095	limulus_polyphemus	MARGINAL	0.5356	canis_lupus_familiaris	NEITHER
A0A0C9R308	amblyomma_americanum	CAAX prenyl protease		0.4354	False	0.4524	False	0.5138	False	0.4535	False	0.5111	False	0.5352	False	0.4524	False	0.4763	False	0.5529	False	0.5446	False	0.5678	False	0.5921	False	0.5493	False	0.4079	felis_catus	MARGINAL	MARGINAL	0.4471	limulus_polyphemus	MARGINAL	0.4079	felis_catus	NEITHER
A0AAQ4DND5	amblyomma_americanum	Poly [ADP-ribose] polymerase		0.4766	False	0.4746	False	0.502	False	0.5079	False	0.4432	False	0.6105	False	0.4359	False	0.4576	False	0.5544	False	0.4819	False	0.4727	False	0.4769	False	0.4713	False	0.3895	daphnia_magna	RISKY	RISKY	0.3895	daphnia_magna	MARGINAL	0.5181	homo_sapiens	NEITHER
A0A0C9R6Q9	amblyomma_americanum	Proton-coupled zinc antiporter SLC30A5		0.4903	False	0.5058	False	0.4787	False	0.5309	False	0.5891	False	0.5692	False	0.5506	False	0.4618	False	0.5454	False	0.6117	False	0.6117	False	0.6081	False	0.6162	False	0.3838	mus_musculus	RISKY	MARGINAL	0.4109	tetranychus_urticae	RISKY	0.3838	mus_musculus	NEITHER
A0AAQ4E147	amblyomma_americanum	SUMO-activating enzyme subunit		0.5362	False	0.5024	False	0.5791	False	0.5675	False	0.6079	False	0.5911	False	0.5251	False	0.5138	False	0.6189	False	0.5488	False	0.5815	False	0.5472	False	0.5624	False	0.3811	limulus_polyphemus	RISKY	RISKY	0.3811	limulus_polyphemus	MARGINAL	0.4185	canis_lupus_familiaris	NEITHER
A0AAQ4FR19	amblyomma_americanum	Lysosomal dipeptide transporter MFSD1		0.5221	False	0.5221	False	0.5382	False	0.554	False	0.4907	False	0.5806	False	0.5538	False	0.5506	False	0.5975	False	0.5649	False	0.6056	False	0.6194	False	0.5608	False	0.3806	felis_catus	RISKY	MARGINAL	0.4025	limulus_polyphemus	RISKY	0.3806	felis_catus	NEITHER
A0A4D5RNJ0	ixodes_scapularis	Oligomycin sensitivity conferral protein		0.5025	False	0.5532	False	0.62	False	0.5817	False	0.3926	False	0.5024	False	0.4926	False	0.5738	False	0.5868	False	0.4772	False	0.4677	False	0.4719	False	0.48	False	0.38	varroa_destructor	RISKY	RISKY	0.38	varroa_destructor	MARGINAL	0.52	mus_musculus	NEITHER
B7SP44	dermacentor_variabilis			0.3552	False	0.3525	False	0.2765	False	0.2812	False	0.6211	False	0.5109	False	0.517	False	0.4823	False	0.5511	False	0.5556	False	0.5492	False	0.5417	False	0.5509	False	0.3789	tetranychus_urticae	RISKY	RISKY	0.3789	tetranychus_urticae	MARGINAL	0.4444	homo_sapiens	NEITHER
A0AAQ4FNT5	amblyomma_americanum	Lysosomal dipeptide transporter MFSD1		0.4861	False	0.4861	False	0.5565	False	0.5736	False	0.4695	False	0.5406	False	0.5222	False	0.5177	False	0.629	False	0.548	False	0.5374	False	0.597	False	0.5319	False	0.371	limulus_polyphemus	RISKY	RISKY	0.371	limulus_polyphemus	MARGINAL	0.403	felis_catus	NEITHER
Q5Q995	ixodes_scapularis	Protein KRTCAP2 homolog		0.5368	False	0.5038	False	0.4615	False	0.4546	False	0.0	True	0.5263	False	0.4741	False	0.4231	False	0.637	False	0.4851	False	0.4925	False	0.4925	False	0.4925	False	0.363	limulus_polyphemus	RISKY	RISKY	0.363	limulus_polyphemus	MARGINAL	0.5075	canis_lupus_familiaris	NEITHER
A0A0C9RXK7	amblyomma_americanum	Tetraspanin		0.4667	False	0.4667	False	0.4096	False	0.4083	False	0.3765	False	0.285	False	0.45	False	0.3147	False	0.6423	False	0.4809	False	0.4341	False	0.4396	False	0.5	False	0.3577	limulus_polyphemus	RISKY	RISKY	0.3577	limulus_polyphemus	MARGINAL	0.5	mus_musculus	NEITHER
A0AAQ4DQA6	amblyomma_americanum	Integrin beta		0.5728	False	0.5663	False	0.5755	False	0.518	False	0.5677	False	0.5668	False	0.5172	False	0.5419	False	0.6441	False	0.445	False	0.4448	False	0.4441	False	0.4432	False	0.3559	limulus_polyphemus	RISKY	RISKY	0.3559	limulus_polyphemus	MARGINAL	0.555	homo_sapiens	NEITHER
B7Q290	ixodes_scapularis	B7Q290		0.0	True	0.0	True	0.0	True	0.0	True	0.338	False	0.3913	False	0.5319	False	0.6522	False	0.433	False	0.0	True	0.0	True	0.0	True	0.0	True	0.3478	drosophila_melanogaster	RISKY	RISKY	0.3478	drosophila_melanogaster	SELECTIVE	1.0	homo_sapiens	RESIDENTIAL_ONLY
B7P2S1	ixodes_scapularis			0.4412	False	0.3767	False	0.6535	False	0.3981	False	0.2701	False	0.3533	False	0.2845	False	0.4301	False	0.4755	False	0.3897	False	0.3054	False	0.2885	False	0.3897	False	0.3465	varroa_destructor	RISKY	RISKY	0.3465	varroa_destructor	SELECTIVE	0.6103	homo_sapiens	RESIDENTIAL_ONLY
Q8I862	dermacentor_variabilis			0.5231	False	0.5196	False	0.6569	False	0.6504	False	0.5782	False	0.493	False	0.5	False	0.4565	False	0.5594	False	0.3582	False	0.3487	False	0.3698	False	0.3695	False	0.3431	varroa_destructor	RISKY	RISKY	0.3431	varroa_destructor	SELECTIVE	0.6302	felis_catus	RESIDENTIAL_ONLY
Q8T9S3	dermacentor_variabilis	Translationally-controlled tumor protein homolog		0.4971	False	0.5	False	0.5314	False	0.5723	False	0.6686	False	0.48	False	0.4633	False	0.5029	False	0.6264	False	0.4148	False	0.4148	False	0.4148	False	0.4148	False	0.3314	tetranychus_urticae	RISKY	RISKY	0.3314	tetranychus_urticae	MARGINAL	0.5852	homo_sapiens	NEITHER
A0A4D5RMG2	ixodes_scapularis	Trifunctional enzyme subunit alpha, mitochondrial		0.5598	False	0.6019	False	0.6187	False	0.629	False	0.5989	False	0.6061	False	0.5842	False	0.5945	False	0.675	False	0.6058	False	0.6223	False	0.6063	False	0.619	False	0.325	limulus_polyphemus	RISKY	RISKY	0.325	limulus_polyphemus	RISKY	0.3777	canis_lupus_familiaris	NEITHER
B7PY20	ixodes_scapularis			0.6562	False	0.6562	False	0.4596	False	0.4702	False	0.3769	False	0.6816	False	0.4839	False	0.4703	False	0.6642	False	0.3387	False	0.2964	False	0.2964	False	0.3515	False	0.3184	daphnia_magna	RISKY	RISKY	0.3184	daphnia_magna	SELECTIVE	0.6485	mus_musculus	RESIDENTIAL_ONLY
B7PJS6	ixodes_scapularis	B7PJS6		0.5248	False	0.5252	False	0.6704	False	0.6677	False	0.5125	False	0.5596	False	0.566	False	0.5094	False	0.6829	False	0.5703	False	0.5649	False	0.5726	False	0.5609	False	0.3171	limulus_polyphemus	RISKY	RISKY	0.3171	limulus_polyphemus	MARGINAL	0.4274	felis_catus	NEITHER
B7PRF6	ixodes_scapularis	B7PRF6		0.5683	False	0.541	False	0.5401	False	0.5628	False	0.6703	False	0.6854	False	0.5667	False	0.5829	False	0.6429	False	0.648	False	0.6456	False	0.6425	False	0.678	False	0.3146	daphnia_magna	RISKY	RISKY	0.3146	daphnia_magna	RISKY	0.322	mus_musculus	NEITHER
B7QBP7	ixodes_scapularis	Proton-coupled zinc antiporter SLC30A9, mitochondrial		0.6077	False	0.6009	False	0.6802	False	0.6816	False	0.6194	False	0.6211	False	0.0	True	0.5636	False	0.6865	False	0.5826	False	0.5804	False	0.5783	False	0.5891	False	0.3135	limulus_polyphemus	RISKY	RISKY	0.3135	limulus_polyphemus	MARGINAL	0.4109	mus_musculus	NEITHER
A0AAQ4E2K9	amblyomma_americanum	Guanylate cyclase		0.4523	False	0.4439	False	0.6866	False	0.6764	False	0.5169	False	0.5027	False	0.5	False	0.4088	False	0.613	False	0.4528	False	0.4355	False	0.4497	False	0.4353	False	0.3134	varroa_destructor	RISKY	RISKY	0.3134	varroa_destructor	MARGINAL	0.5472	homo_sapiens	NEITHER
A0A0C9R2P6	amblyomma_americanum	Phosphotransferase		0.565	False	0.5634	False	0.6877	False	0.4844	False	0.4859	False	0.6407	False	0.5758	False	0.5071	False	0.6723	False	0.4663	False	0.4936	False	0.4663	False	0.4719	False	0.3123	varroa_destructor	RISKY	RISKY	0.3123	varroa_destructor	MARGINAL	0.5064	canis_lupus_familiaris	NEITHER
B7SP39	dermacentor_variabilis			0.3632	False	0.3441	False	0.3196	False	0.427	False	0.6901	False	0.6056	False	0.6028	False	0.5488	False	0.6338	False	0.6262	False	0.6291	False	0.6103	False	0.6122	False	0.3099	tetranychus_urticae	RISKY	RISKY	0.3099	tetranychus_urticae	RISKY	0.3709	canis_lupus_familiaris	NEITHER
A0AAQ4DBK8	amblyomma_americanum	Trifunctional enzyme subunit alpha, mitochondrial		0.5862	False	0.6216	False	0.6471	False	0.6361	False	0.6107	False	0.6221	False	0.5865	False	0.6151	False	0.6934	False	0.6431	False	0.6346	False	0.6335	False	0.6335	False	0.3066	limulus_polyphemus	RISKY	RISKY	0.3066	limulus_polyphemus	RISKY	0.3569	homo_sapiens	NEITHER
A0AAQ4EAX4	amblyomma_americanum	Tyrosine-protein kinase receptor		0.5338	False	0.5573	False	0.577	False	0.5896	False	0.5916	False	0.5176	False	0.6974	False	0.4549	False	0.6507	False	0.5478	False	0.4721	False	0.464	False	0.5427	False	0.3026	folsomia_candida	RISKY	RISKY	0.3026	folsomia_candida	MARGINAL	0.4522	homo_sapiens	NEITHER
A7LJ78	dermacentor_variabilis			0.5994	False	0.5941	False	0.5841	False	0.6007	False	0.654	False	0.5922	False	0.609	False	0.7042	False	0.5982	False	0.5446	False	0.5327	False	0.5476	False	0.5647	False	0.2958	drosophila_melanogaster	RISKY	RISKY	0.2958	drosophila_melanogaster	MARGINAL	0.4353	mus_musculus	NEITHER
B7PX94	ixodes_scapularis			0.6757	False	0.7023	False	0.6107	False	0.6417	False	0.6698	False	0.6343	False	0.6731	False	0.6923	False	0.6195	False	0.7083	False	0.5876	False	0.5876	False	0.7083	False	0.2917	homo_sapiens	RISKY	RISKY	0.2977	bombus_terrestris	RISKY	0.2917	homo_sapiens	NEITHER
A0AAQ4E0T1	amblyomma_americanum	Phospholipid-transporting ATPase		0.6033	False	0.6049	False	0.6154	False	0.6444	False	0.5428	False	0.5765	False	0.4488	False	0.6194	False	0.7131	False	0.592	False	0.592	False	0.592	False	0.5924	False	0.2869	limulus_polyphemus	RISKY	RISKY	0.2869	limulus_polyphemus	MARGINAL	0.4076	mus_musculus	NEITHER
A0A0C9SB77	amblyomma_americanum	Ubiquitin-conjugating enzyme E2 S		0.7203	False	0.6143	False	0.5899	False	0.5602	False	0.5822	False	0.6707	False	0.6242	False	0.7041	False	0.6037	False	0.6082	False	0.6516	False	0.6213	False	0.6059	False	0.2797	apis_mellifera	RISKY	RISKY	0.2797	apis_mellifera	RISKY	0.3484	canis_lupus_familiaris	NEITHER
B7QDG3	ixodes_scapularis	B7QDG3		0.5294	False	0.5339	False	0.5926	False	0.5913	False	0.5684	False	0.5696	False	0.5128	False	0.5758	False	0.7273	False	0.625	False	0.6035	False	0.6059	False	0.6121	False	0.2727	limulus_polyphemus	RISKY	RISKY	0.2727	limulus_polyphemus	RISKY	0.375	homo_sapiens	NEITHER
B7Q255	ixodes_scapularis	Homeodomain transcription factor		0.571	False	0.5654	False	0.64	False	0.6007	False	0.5826	False	0.6266	False	0.4748	False	0.6266	False	0.7315	False	0.5184	False	0.5184	False	0.5184	False	0.5151	False	0.2685	limulus_polyphemus	RISKY	RISKY	0.2685	limulus_polyphemus	MARGINAL	0.4816	homo_sapiens	NEITHER
A0A4D5S2A5	ixodes_scapularis			0.7181	False	0.7331	False	0.6007	False	0.6429	False	0.6906	False	0.6871	False	0.6657	False	0.7021	False	0.6936	False	0.6322	False	0.6375	False	0.7323	False	0.7323	False	0.2669	bombus_terrestris	RISKY	RISKY	0.2669	bombus_terrestris	RISKY	0.2677	felis_catus	NEITHER
Q4PMC9	ixodes_scapularis	Q4PMC9		0.7031	False	0.6438	False	0.6261	False	0.5991	False	0.6825	False	0.7202	False	0.6044	False	0.6274	False	0.7048	False	0.6215	False	0.7366	False	0.6431	False	0.699	False	0.2634	canis_lupus_familiaris	RISKY	RISKY	0.2798	daphnia_magna	RISKY	0.2634	canis_lupus_familiaris	NEITHER
A0AAQ4E8L7	amblyomma_americanum	Adenylosuccinate lyase		0.6931	False	0.6904	False	0.7178	False	0.7151	False	0.75	False	0.6827	False	0.6816	False	0.6799	False	0.7206	False	0.7315	False	0.7486	False	0.7397	False	0.737	False	0.25	tetranychus_urticae	RISKY	RISKY	0.25	tetranychus_urticae	RISKY	0.2514	canis_lupus_familiaris	NEITHER
Q86G65	dermacentor_variabilis			0.6554	False	0.6629	False	0.7406	False	0.7406	False	0.668	False	0.6604	False	0.7015	False	0.6579	False	0.7566	False	0.6165	False	0.6353	False	0.6533	False	0.6165	False	0.2434	limulus_polyphemus	RISKY	RISKY	0.2434	limulus_polyphemus	RISKY	0.3467	felis_catus	NEITHER
A0A0C9RY70	amblyomma_americanum	3-hydroxyacyl-CoA dehydrogenase type-2		0.6508	False	0.6587	False	0.7615	False	0.7093	False	0.4903	False	0.6984	False	0.3306	False	0.6996	False	0.7519	False	0.6809	False	0.677	False	0.677	False	0.6615	False	0.2385	varroa_destructor	RISKY	RISKY	0.2385	varroa_destructor	RISKY	0.3191	homo_sapiens	NEITHER
A0A0C9SCI6	amblyomma_americanum	Phosphoglycerate kinase		0.7046	False	0.7143	False	0.7198	False	0.756	False	0.7493	False	0.7012	False	0.6586	False	0.6988	False	0.7626	False	0.7282	False	0.7202	False	0.7226	False	0.7233	False	0.2374	limulus_polyphemus	RISKY	RISKY	0.2374	limulus_polyphemus	RISKY	0.2718	homo_sapiens	NEITHER
A0A4D5S7D6	ixodes_scapularis	F-ATPase gamma subunit		0.6364	False	0.6164	False	0.7645	False	0.6959	False	0.6714	False	0.6462	False	0.5818	False	0.6512	False	0.6689	False	0.6299	False	0.6303	False	0.6338	False	0.6303	False	0.2355	varroa_destructor	RISKY	RISKY	0.2355	varroa_destructor	RISKY	0.3662	felis_catus	NEITHER
B7QNX4	ixodes_scapularis	Aryl hydrocarbon receptor nuclear translocator homolog		0.6555	False	0.6538	False	0.6658	False	0.7195	False	0.7032	False	0.7333	False	0.7192	False	0.6862	False	0.7688	False	0.6293	False	0.632	False	0.6378	False	0.6347	False	0.2312	limulus_polyphemus	RISKY	RISKY	0.2312	limulus_polyphemus	RISKY	0.3622	felis_catus	NEITHER
A0A0C9RV76	amblyomma_americanum	Bifunctional purine biosynthesis protein ATIC		0.6841	False	0.6983	False	0.7762	False	0.7524	False	0.718	False	0.0	True	0.6952	False	0.7593	False	0.7048	False	0.7238	False	0.719	False	0.7079	False	0.7119	False	0.2238	varroa_destructor	RISKY	RISKY	0.2238	varroa_destructor	RISKY	0.2762	homo_sapiens	NEITHER
A0A0C9SEA9	amblyomma_americanum	Isocitrate dehydrogenase [NADP]		0.6619	False	0.7082	False	0.7753	False	0.7547	False	0.6772	False	0.7368	False	0.7923	False	0.6683	False	0.7735	False	0.7275	False	0.7354	False	0.7375	False	0.725	False	0.2077	folsomia_candida	RISKY	RISKY	0.2077	folsomia_candida	RISKY	0.2625	felis_catus	NEITHER
B7P9U9	ixodes_scapularis	Ecdysone receptor		0.6758	False	0.6842	False	0.799	False	0.7623	False	0.7653	False	0.6583	False	0.6472	False	0.5852	False	0.7883	False	0.4399	False	0.4413	False	0.4413	False	0.4337	False	0.201	varroa_destructor	RISKY	RISKY	0.201	varroa_destructor	MARGINAL	0.5587	canis_lupus_familiaris	NEITHER
A0AAQ4CWX3	amblyomma_americanum	Dolichol-phosphate mannosyltransferase subunit 1		0.7839	False	0.7712	False	0.7637	False	0.7806	False	0.7362	False	0.7924	False	0.7531	False	0.7489	False	0.8017	False	0.7669	False	0.7797	False	0.6979	False	0.7585	False	0.1983	limulus_polyphemus	RISKY	RISKY	0.1983	limulus_polyphemus	RISKY	0.2203	canis_lupus_familiaris	NEITHER
A0A4D5RNM5	ixodes_scapularis	Nuclear receptor subfamily 2 group B member 4		0.6948	False	0.6976	False	0.6202	False	0.676	False	0.8059	False	0.7178	False	0.6624	False	0.4962	False	0.7733	False	0.7559	False	0.75	False	0.7529	False	0.7493	False	0.1941	tetranychus_urticae	RISKY	RISKY	0.1941	tetranychus_urticae	RISKY	0.2441	homo_sapiens	NEITHER
A0A4D5RYT8	ixodes_scapularis			0.7186	False	0.7337	False	0.6799	False	0.689	False	0.6887	False	0.6777	False	0.6237	False	0.6994	False	0.8101	False	0.7329	False	0.7329	False	0.7329	False	0.7329	False	0.1899	limulus_polyphemus	RISKY	RISKY	0.1899	limulus_polyphemus	RISKY	0.2671	homo_sapiens	NEITHER
A0AAQ4DD00	amblyomma_americanum	E3 ubiquitin-protein ligase MARCHF6		0.5921	False	0.6154	False	0.697	False	0.5472	False	0.8136	False	0.5841	False	0.4924	False	0.5357	False	0.6016	False	0.5912	False	0.5901	False	0.588	False	0.5938	False	0.1864	tetranychus_urticae	RISKY	RISKY	0.1864	tetranychus_urticae	MARGINAL	0.4062	mus_musculus	NEITHER
A0AAQ4E7F2	amblyomma_americanum	General transcription and DNA repair factor IIH helicase/translocase subunit XPB		0.7579	False	0.7745	False	0.7944	False	0.7613	False	0.7716	False	0.7503	False	0.7238	False	0.7298	False	0.8176	False	0.7486	False	0.7448	False	0.7434	False	0.7444	False	0.1824	limulus_polyphemus	RISKY	RISKY	0.1824	limulus_polyphemus	RISKY	0.2514	homo_sapiens	NEITHER
A0AAQ4DZT2	amblyomma_americanum	Diacylglycerol lipase-alpha		0.6797	False	0.6875	False	0.6629	False	0.6566	False	0.6066	False	0.5146	False	0.5817	False	0.6308	False	0.8211	False	0.5441	False	0.5441	False	0.5441	False	0.5402	False	0.1789	limulus_polyphemus	RISKY	RISKY	0.1789	limulus_polyphemus	MARGINAL	0.4559	homo_sapiens	NEITHER
A0AAQ4E1Y4	amblyomma_americanum	Ion transport domain-containing protein		0.7247	False	0.7228	False	0.7895	False	0.8229	False	0.7136	False	0.7522	False	0.8123	False	0.7839	False	0.7891	False	0.6658	False	0.5917	False	0.4791	False	0.6606	False	0.1771	metaseiulus_occidentalis	RISKY	RISKY	0.1771	metaseiulus_occidentalis	RISKY	0.3342	homo_sapiens	NEITHER
A0A0C9SFH2	amblyomma_americanum	UDP-glucuronic acid decarboxylase 1		0.6848	False	0.6848	False	0.5658	False	0.5877	False	0.7114	False	0.8247	False	0.7027	False	0.7047	False	0.7815	False	0.6296	False	0.6296	False	0.6296	False	0.6296	False	0.1753	daphnia_magna	RISKY	RISKY	0.1753	daphnia_magna	RISKY	0.3704	homo_sapiens	NEITHER
A0AAQ4DNH0	amblyomma_americanum	glutaminase		0.6737	False	0.6794	False	0.8266	False	0.7864	False	0.731	False	0.6942	False	0.4649	False	0.6	False	0.7518	False	0.5508	False	0.5508	False	0.5527	False	0.5499	False	0.1734	varroa_destructor	RISKY	RISKY	0.1734	varroa_destructor	MARGINAL	0.4473	felis_catus	NEITHER
A0AAQ4E1Y3	amblyomma_americanum	Voltage-dependent calcium channel type A subunit alpha-1		0.742	False	0.7377	False	0.8359	False	0.8075	False	0.7285	False	0.7545	False	0.7162	False	0.8033	False	0.7855	False	0.68	False	0.5742	False	0.4964	False	0.67	False	0.1641	varroa_destructor	RISKY	RISKY	0.1641	varroa_destructor	RISKY	0.32	homo_sapiens	NEITHER
A0A2U8U3F3	dermacentor_variabilis	Cytochrome c oxidase subunit 1		0.7281	False	0.7778	False	0.787	False	0.815	False	0.6798	False	0.803	False	0.8204	False	0.8465	False	0.8377	False	0.8087	False	0.8114	False	0.8114	False	0.8026	False	0.1535	drosophila_melanogaster	RISKY	RISKY	0.1535	drosophila_melanogaster	RISKY	0.1886	canis_lupus_familiaris	NEITHER
A0A2U8U2Q4	dermacentor_variabilis	Cytochrome c oxidase subunit 1		0.7325	False	0.7889	False	0.7913	False	0.8062	False	0.6711	False	0.8079	False	0.8252	False	0.8509	False	0.8421	False	0.8087	False	0.8114	False	0.8114	False	0.8026	False	0.1491	drosophila_melanogaster	RISKY	RISKY	0.1491	drosophila_melanogaster	RISKY	0.1886	canis_lupus_familiaris	NEITHER
A0A2U8U368	dermacentor_variabilis	Cytochrome c oxidase subunit 1		0.7281	False	0.7778	False	0.7913	False	0.8062	False	0.6711	False	0.8079	False	0.8252	False	0.8509	False	0.8421	False	0.8087	False	0.8114	False	0.8114	False	0.8026	False	0.1491	drosophila_melanogaster	RISKY	RISKY	0.1491	drosophila_melanogaster	RISKY	0.1886	canis_lupus_familiaris	NEITHER
A0A2U8U3G2	dermacentor_variabilis	Cytochrome c oxidase subunit 1		0.7325	False	0.7889	False	0.7913	False	0.8106	False	0.6754	False	0.8079	False	0.8252	False	0.8509	False	0.8421	False	0.8087	False	0.8114	False	0.8114	False	0.8026	False	0.1491	drosophila_melanogaster	RISKY	RISKY	0.1491	drosophila_melanogaster	RISKY	0.1886	canis_lupus_familiaris	NEITHER
A0A2U8U3T1	dermacentor_variabilis	Cytochrome c oxidase subunit 1		0.7325	False	0.7889	False	0.7913	False	0.8062	False	0.6711	False	0.8079	False	0.8301	False	0.8509	False	0.8421	False	0.813	False	0.8158	False	0.8158	False	0.807	False	0.1491	drosophila_melanogaster	RISKY	RISKY	0.1491	drosophila_melanogaster	RISKY	0.1842	canis_lupus_familiaris	NEITHER
A0AAQ4EDP8	amblyomma_americanum	PRKCA-binding protein		0.6903	False	0.6745	False	0.8516	False	0.8276	False	0.7344	False	0.6299	False	0.6345	False	0.6402	False	0.8497	False	0.7273	False	0.7245	False	0.7245	False	0.7135	False	0.1484	varroa_destructor	RISKY	RISKY	0.1484	varroa_destructor	RISKY	0.2727	homo_sapiens	NEITHER
A0A2U8U2R2	dermacentor_variabilis	Cytochrome c oxidase subunit 1		0.7325	False	0.7889	False	0.7956	False	0.8106	False	0.6754	False	0.8128	False	0.8301	False	0.8553	False	0.8465	False	0.813	False	0.8158	False	0.8158	False	0.807	False	0.1447	drosophila_melanogaster	RISKY	RISKY	0.1447	drosophila_melanogaster	RISKY	0.1842	canis_lupus_familiaris	NEITHER
A0A2U8U2Y5	dermacentor_variabilis	Cytochrome c oxidase subunit 1		0.7325	False	0.7889	False	0.7956	False	0.8106	False	0.6754	False	0.8128	False	0.8252	False	0.8553	False	0.8465	False	0.813	False	0.8158	False	0.8158	False	0.807	False	0.1447	drosophila_melanogaster	RISKY	RISKY	0.1447	drosophila_melanogaster	RISKY	0.1842	canis_lupus_familiaris	NEITHER
A0A2U8U3E7	dermacentor_variabilis	Cytochrome c oxidase subunit 1		0.7325	False	0.7889	False	0.7983	False	0.8106	False	0.6754	False	0.8128	False	0.8301	False	0.8553	False	0.8465	False	0.8158	False	0.8158	False	0.8158	False	0.807	False	0.1447	drosophila_melanogaster	RISKY	RISKY	0.1447	drosophila_melanogaster	RISKY	0.1842	homo_sapiens	NEITHER
A0A2U8U3H0	dermacentor_variabilis	Cytochrome c oxidase subunit 1		0.7325	False	0.7889	False	0.7956	False	0.8106	False	0.6754	False	0.8128	False	0.8301	False	0.8553	False	0.8465	False	0.813	False	0.8114	False	0.8114	False	0.807	False	0.1447	drosophila_melanogaster	RISKY	RISKY	0.1447	drosophila_melanogaster	RISKY	0.187	homo_sapiens	NEITHER
A0A2U8U3S9	dermacentor_variabilis	Cytochrome c oxidase subunit 1		0.7368	False	0.7889	False	0.8	False	0.815	False	0.6798	False	0.8177	False	0.835	False	0.8553	False	0.8509	False	0.813	False	0.8114	False	0.8114	False	0.807	False	0.1447	drosophila_melanogaster	RISKY	RISKY	0.1447	drosophila_melanogaster	RISKY	0.187	homo_sapiens	NEITHER
A0A2U8U3G0	dermacentor_variabilis	Cytochrome c oxidase subunit 1		0.7281	False	0.7889	False	0.7913	False	0.8062	False	0.6754	False	0.8128	False	0.8301	False	0.8553	False	0.8465	False	0.813	False	0.8114	False	0.8114	False	0.8026	False	0.1447	drosophila_melanogaster	RISKY	RISKY	0.1447	drosophila_melanogaster	RISKY	0.187	homo_sapiens	NEITHER
A0A0C9RV71	amblyomma_americanum	Phospholipid-transporting ATPase		0.7494	False	0.7494	False	0.7759	False	0.7759	False	0.694	False	0.7373	False	0.6651	False	0.7301	False	0.8577	False	0.7418	False	0.759	False	0.7761	False	0.7441	False	0.1423	limulus_polyphemus	RISKY	RISKY	0.1423	limulus_polyphemus	RISKY	0.2239	felis_catus	NEITHER
G0WV55	dermacentor_variabilis			0.7934	False	0.7927	False	0.8105	False	0.8403	False	0.7178	False	0.8128	False	0.7908	False	0.7826	False	0.8603	False	0.6407	False	0.673	False	0.6407	False	0.6396	False	0.1397	limulus_polyphemus	RISKY	RISKY	0.1397	limulus_polyphemus	RISKY	0.327	canis_lupus_familiaris	NEITHER
A0A0C9R1D7	amblyomma_americanum	PRKCA-binding protein		0.7195	False	0.7104	False	0.8604	False	0.8604	False	0.7252	False	0.6742	False	0.6532	False	0.6787	False	0.8378	False	0.7207	False	0.7207	False	0.7162	False	0.7207	False	0.1396	varroa_destructor	RISKY	RISKY	0.1396	varroa_destructor	RISKY	0.2793	homo_sapiens	NEITHER
B7Q1X5	ixodes_scapularis			0.7123	False	0.7123	False	0.8784	False	0.8514	False	0.7051	False	0.7286	False	0.726	False	0.5775	False	0.6143	False	0.6765	False	0.5775	False	0.5775	False	0.6765	False	0.1216	varroa_destructor	RISKY	RISKY	0.1216	varroa_destructor	RISKY	0.3235	homo_sapiens	NEITHER
B7PIZ2	ixodes_scapularis			0.8808	False	0.8808	False	0.8182	False	0.8146	False	0.8708	False	0.8742	False	0.3485	False	0.8843	False	0.9252	False	0.8742	False	0.8742	False	0.904	False	0.8742	False	0.0748	limulus_polyphemus	RISKY	RISKY	0.0748	limulus_polyphemus	RISKY	0.096	felis_catus	NEITHER
B7Q1Q9	ixodes_scapularis	B7Q1Q9		0.8461	False	0.8365	False	0.699	False	0.8333	False	0.835	False	0.7692	False	0.7885	False	0.8302	False	0.932	False	0.7961	False	0.7961	False	0.7961	False	0.7961	False	0.068	limulus_polyphemus	RISKY	RISKY	0.068	limulus_polyphemus	RISKY	0.2039	homo_sapiens	NEITHER
A0A4D5RDE4	ixodes_scapularis			0.8925	False	0.8978	False	0.8239	False	0.8172	False	0.8602	False	0.8919	False	0.3603	False	0.8817	False	0.9454	False	0.9016	False	0.9016	False	0.904	False	0.9016	False	0.0546	limulus_polyphemus	RISKY	RISKY	0.0546	limulus_polyphemus	RISKY	0.096	felis_catus	NEITHER
Q8T9S5	dermacentor_variabilis			0.8846	False	0.8846	False	0.9054	False	0.921	False	0.9157	False	0.8965	False	0.8922	False	0.897	False	0.9618	False	0.8719	False	0.8759	False	0.8759	False	0.8719	False	0.0382	limulus_polyphemus	RISKY	RISKY	0.0382	limulus_polyphemus	RISKY	0.1241	canis_lupus_familiaris	NEITHER
A4UTU3	dermacentor_variabilis			0.992	False	0.9947	False	0.9867	False	0.9867	False	0.9947	False	0.9947	False	0.9963	False	0.9947	False	0.992	False	0.9866	False	0.9866	False	0.9866	False	0.9866	False	0.0037	folsomia_candida	RISKY	RISKY	0.0037	folsomia_candida	RISKY	0.0134	homo_sapiens	NEITHER
